tweet0;tweet1;tweet2;tweet3;tweet4;tweet5;tweet6;tweet7;tweet8;tweet9;tweet10;tweet11;tweet12;tweet13;tweet14;tweet15;tweet16;tweet17;tweet18;tweet19;tweet20;tweet21;tweet22;tweet23;tweet24;tweet25;tweet26;tweet27;tweet28;tweet29;tweet30;tweet31;tweet32;tweet33;tweet34;tweet35;tweet36;tweet37;tweet38;tweet39;tweet40;tweet41;tweet42;tweet43;tweet44;tweet45;tweet46;tweet47;tweet48;tweet49;tweet50;tweet51;tweet52;tweet53;tweet54;tweet55;tweet56;tweet57;tweet58;tweet59;tweet60;tweet61;tweet62;tweet63;tweet64;tweet65;tweet66;tweet67;tweet68;tweet69;tweet70;tweet71;tweet72;tweet73;tweet74;tweet75;tweet76;tweet77;tweet78;tweet79;tweet80;tweet81;tweet82;tweet83;tweet84;tweet85;tweet86;tweet87;tweet88;tweet89;tweet90;tweet91;tweet92;tweet93;tweet94;tweet95;tweet96;tweet97;tweet98;tweet99;tweet100;tweet101;tweet102;tweet103;tweet104;tweet105;tweet106;tweet107;tweet108;tweet109
bullying;attempt;activity;hope;analysis;analysis;brother;currency;competition;area;brunswick;city;bullying;borrowing;collectibles;rt;activity;community;cyber;change;anthony;compulsory;assam;currency;miss;apy;cyber;moonsie;alba;cyber;cyber;activity;activity;design;miss;cost;apex;announcements;article;alba;activity;cyber;compulsory;cooperation;charge;landscapes;circulate;action;chance;activity;analysis;cyber;attack;beureau;collab;activity;activity;activity;cyber;blowing;bullying;basics;alba;compulsory;activity;data;attacks;genre;activity;burtenshaw;activity;city;activity;cooperation;activity;chance;delhi;compulsory;activity;awareness;compulsory;moonsie;cyber;check;cyber;fans;analysis;call;bureau;activity;activity;cool;episode;cheat;cyber;cyber;anything;compulsory;activity;activity;analysis;cyber;center;beautiful;chance;cyber;agent;analysis;fans;article
cyber;condemns;cyber;win;rt;certificate;cyber;dprk;cyber;brunswick;building;company;butting;chain;multiple;;cyber;conspiracy;eye;cyber;condone;defense;cyber;mixer;;artillery;form;nft;anthony;security;episode;cyber;cyber;;;cyber;cloud;apex;mention;anthony;cyber;rt;defense;cyber;conversation;priorities;orb√°n;agent;cyber;cyber;rt;;bunch;cyber;everyone;cyber;cyber;cyber;read;budget;case;business;anthony;defense;cyber;enterprises;cyber;world;cyber;chris;cyber;company;cyber;cyber;cyber;cyber;discharge;defense;cyber;children;defense;nft;help;email;discrimination;friends;rt;things;cyber;cyber;cyber;rt;looks;cyber;delhi;help;delay;defense;cyber;cyber;rt;rt;coordination;gm;cyber;help;cyber;colonial;friends;mention
please;cooperative;dprk;;;courses;looks;rt;leaderboard;counties;cindy;education;cyber;elastos;rt;;dprk;cyber;;forget;cyber;rider;foundation;rt;;combine;put;roos;awaits;;look;dprk;dprk;;;evaluate;cyber;aws;part;awaits;dprk;steps;rider;fm;cyber;report;rt;bengal;department;dprk;;;cyber;edit;piece;dprk;dprk;dprk;;business;cyber;cost;awaits;rider;dprk;install;decide;;dprk;cyber;dprk;data;dprk;fm;dprk;department;india;rider;dprk;cyber;rider;roos;rt;inboxes;stop;girl;;visit;governors;dprk;dprk;story;;domain;discharge;limit;details;rider;dprk;dprk;;threat;crime;piece;department;rt;deserves;cyber;girl;part
report;harm;generate;;;learn;straight;time;mini;cyber;customer;illuminate;death;lp;;;generate;discusses;;life;kakampink;rt;kicks;;;race;read;rt;fredrick;;rt;generate;generate;;;immediate;dell;azure;rt;fredrick;generate;;rt;meeting;departments;rt;rumours;chinies;manage;generate;;;russians;fake;rt;generate;generate;generate;;hygiene;harassment;cyber;fredrick;rt;generate;learn;group;;generate;episode;generate;education;generate;meeting;generate;manage;meta;rt;generate;initiative;rt;rt;;password;;girls;;website;head;generate;generate;;;rt;expert;millions;infact;rt;generate;generate;;universe;cyber;;manage;thanks;designs;cybersecurity;girls;rt
rt;image;illicit;;;rt;work;treasury;players;data;cyber;rt;kakampink;rt;;;illicit;fellpa;;practices;mark;security;peace;;;rt;risk;wl;hell;;transformation;illicit;illicit;;;ot;platform;cyber;thrown;hell;illicit;;security;rt;experience;teams;viktor;immediate;rt;illicit;;;tornadoes;notice;;illicit;illicit;illicit;;online;law;hygiene;hell;security;illicit;log;hacker;;illicit;guest;illicit;hundreds;illicit;rt;illicit;rt;millions;security;illicit;program;security;wl;;pdf;;joke;;;labor;illicit;illicit;;;security;law;patient;investigation;security;illicit;illicit;;;government;;rt;;fat;landscape;joke;thrown
;minister;missile;;;web;;;royale;disasters;experience;software;manila;smart;;;missile;group;;rt;rt;;police;;;superweapon;things;x;hinihintay;;;missile;missile;;;risk;recovery;dell;;hinihintay;missile;;;warm;grown;technology;;lady;security;missile;;;upgrade;people;;missile;missile;missile;;practice;scenarios;reduces;hinihintay;;missile;logzilla;place;;missile;look;missile;illuminate;missile;warm;missile;security;platform;;missile;rt;;x;;protocol;;kpop;;;liars;missile;missile;;;;meta;public;mobikwik;;missile;missile;;;initiative;;security;;poster;pipeline;kpop;
;rt;revenue;;;;;;rt;leadership;hewett;vendor;point;;;;revenue;hat;;;;;session;;;today;;;ka;;;revenue;revenue;;;rt;storage;las;;ka;revenue;;;;projects;;;look;systems;revenue;;;;police;;revenue;revenue;revenue;;share;school;risk;ka;;revenue;management;put;;revenue;transformation;revenue;read;revenue;;revenue;systems;public;;revenue;south;;;;rt;;pic;;;orange;revenue;revenue;;;;public;think;safeguard;;revenue;revenue;;;provide;;systems;;raise;rt;pic;
;video;rt;;;;;;series;monkey;safer;york;ran;;;;rt;love;;;;;;;;utc;;;mark;;;rt;rt;;;security;;microsoft;;mark;rt;;;;security;;;name;;rt;;;;rt;;rt;rt;rt;;ways;;security;mark;;rt;neo;;;rt;;rt;software;rt;;rt;;rt;;rt;;;;;use;;picture;;;r;rt;rt;;;;react;want;team;;rt;rt;;;rt;;;;rt;year;picture;
;;wmd;;;;;;sundays;prevent;secure;;sister;;;;wmd;people;;;;;;;;win;;;ni;;;wmd;wmd;;;steps;;monday;;ni;wmd;;;;something;;;need;;wmd;;;;share;;wmd;wmd;wmd;;;;shiny;ni;;wmd;ranked;;;wmd;;wmd;students;wmd;;wmd;;speech;;wmd;;;;;;;rt;;;reality;wmd;wmd;;;;rt;;;;wmd;wmd;;;;;;;whoever;;rt;
;;;;;;;;top;security;tasked;;sorry;;;;;;;;;;;;;;;;rt;;;;;;;value;;news;;rt;;;;;want;;;pls;;;;;;;;;;;;;;;rt;;;seconds;;;;;;thousands;;;;;users;;;;;;;;;;;;sad;;;;;;sc;;;;;;;;;;;;;;;
;;;;;;;;;steps;threats;;story;;;;;;;;;;;;;;;;supporter;;;;;;;;;offerings;;supporter;;;;;;;;pornography;;;;;;;;;;;;;;;supporter;;;study;;;;;;vendor;;;;;;;;;;;;;;;;;statistics;;;;;;;;;;;;;;;;;;;;;
;;;;;;;;;threats;today;;want;;;;;;;;;;;;;;;;uniteam;;;;;;;;;product;;uniteam;;;;;;;;recovery;;;;;;;;;;;;;;;uniteam;;;tool;;;;;;york;;;;;;;;;;;;;;;;;tv;;;;;;;;;;;;;;;;;;;;;
;;;;;;;;;;years;;;;;;;;;;;;;;;;;;;;;;;;;;;ransomware;;;;;;;;;;west;;;;;;;;;;;;;;;;;;;;;;;;;;;;;;;;;;;;;;;;;;;;;;;;;;;;;;;;;;;;;;
;;;;;;;;;;;;;;;;;;;;;;;;;;;;;;;;;;;;;recovery;;;;;;;;;;;;;;;;;;;;;;;;;;;;;;;;;;;;;;;;;;;;;;;;;;;;;;;;;;;;;;;;;;;;;;;;
;;;;;;;;;;;;;;;;;;;;;;;;;;;;;;;;;;;;;technologies;;;;;;;;;;;;;;;;;;;;;;;;;;;;;;;;;;;;;;;;;;;;;;;;;;;;;;;;;;;;;;;;;;;;;;;;
;;;;;;;;;;;;;;;;;;;;;;;;;;;;;;;;;;;;;world;;;;;;;;;;;;;;;;;;;;;;;;;;;;;;;;;;;;;;;;;;;;;;;;;;;;;;;;;;;;;;;;;;;;;;;;
