tweet0;tweet1;tweet2;tweet3;tweet4;tweet5;tweet6;tweet7;tweet8;tweet9;tweet10;tweet11;tweet12;tweet13;tweet14;tweet15;tweet16;tweet17;tweet18;tweet19;tweet20;tweet21;tweet22;tweet23;tweet24;tweet25;tweet26;tweet27;tweet28;tweet29;tweet30;tweet31;tweet32;tweet33;tweet34;tweet35;tweet36;tweet37;tweet38;tweet39;tweet40;tweet41;tweet42;tweet43;tweet44;tweet45;tweet46;tweet47;tweet48;tweet49;tweet50;tweet51;tweet52;tweet53;tweet54;tweet55;tweet56;tweet57;tweet58;tweet59;tweet60;tweet61;tweet62;tweet63;tweet64;tweet65;tweet66;tweet67;tweet68;tweet69;tweet70;tweet71;tweet72;tweet73;tweet74;tweet75;tweet76;tweet77;tweet78;tweet79;tweet80;tweet81;tweet82;tweet83;tweet84;tweet85;tweet86;tweet87;tweet88;tweet89;tweet90;tweet91;tweet92;tweet93;tweet94;tweet95;tweet96;tweet97;tweet98;tweet99;tweet100;tweet101;tweet102;tweet103
rt;cyber;awareness;cool;art;cases;arena;cool;cyber;cyber;attack;banks;rt;help;cyber;attack;act;announce;rt;ports;cyber;acc;chase;everything;note;gmail;analysis;cyber;build;chase;cyber;krebs;krebs;centre;bullying;apps;appreciate;dick;community;act;delete;account;rt;ports;abstract;btc;business;act;analytics;balance;balance;citizen;cyber;help;cyber;act;charity;accounts;act;crazy;acc;bank;cyber;categories;attacks;centre;cyber;asset;cyber;delete;ceo;cdc;serve;act;attempt;balance;criminals;ports;centre;act;key;apy;key;hello;cyber;cyber;cyber;business;cyber;crazy;analytics;compulsory;rt;citizen;cyber;asset;aaa;attacks;help;cyber;community;agency;bid;cyber
u;epic;development;cyber;buying;failure;cyber;cyber;rt;rt;cyber;cyber;;rt;rt;cause;fast;arena;;rt;rt;cyber;cyber;guess;number;messages;rt;cyberattack;everyone;crazy;mushrooms;passwords;passwords;cyber;cyber;cyber;multiple;found;death;fast;disk;asif;stop;rt;clownvamp;rt;cyber;citizens;data;combination;combination;crime;rt;rt;security;fast;coo;argue;fast;cyber;cyber;card;police;top;cell;cyber;fans;cyber;describe;disk;cto;creepy;;fast;ethiopia;combination;cyber;rt;cyber;citizens;robots;artillery;robots;talk;photos;snails;help;cyber;police;cyber;data;defense;;crime;rt;cyber;cool;cyber;intelligent;ens≈ç;non;assets;cyber;innovation
;friday;discipline;pico;cyber;links;developers;pico;threat;threat;quick;developers;;;types;cyber;kodas;cyber;;use;types;help;doo;mod;people;;;kill;loft;cyber;rt;phone;phone;dip;mayor;ians;people;nfts;meme;kodas;drives;chief;;use;gallery;yeah;government;cyber;files;keys;keys;cyber;types;;thanks;kodas;heart;cooltm;kodas;multi;help;changes;remains;;cyber;dip;looks;grab;issue;drives;rt;cyber;;kodas;government;keys;family;use;dip;cyber;rt;combine;rt;;rt;;rt;government;;multi;files;rider;;cyber;types;grab;cyber;end;jobs;thanks;rt;beefs;eliminate;rt
;list;part;rt;drop;none;development;rt;;;rt;security;;;;engineering;;ranked;;;;rt;iconic;rt;solutions;;;steps;rt;fool;;rt;security;heard;;india;rt;pics;occurrence;;left;fake;;;pieces;;responses;happens;folders;rt;rt;jamnagar;;;;;rt;corners;;release;rt;dlvrd;rt;;phone;heard;people;income;security;left;talk;discuss;;;rt;rt;rt;;heard;happens;;race;;;security;;;responses;;release;folders;rt;;jamnagar;;income;edit;fall;policies;;stop;crypto;foil;systems
;monday;secure;something;;sound;earn;something;;;;something;;;;;;rt;;;;yaaa;island;;thing;;;;space;whatttt;;security;;opportunities;;mobile;think;solution;point;;rheac;justice;;;rt;;rt;manage;grasp;;;police;;;;;;left;;rt;yaaa;knwn;time;;prevent;opportunities;voice;passive;steve;rheac;time;expert;;;tuesday;;team;;hit;manage;;rt;;;use;;;rt;;rt;grasp;security;;police;;passive;nderr;predictions;public;;victims;cyber;online;technology
;sales;shld;write;;sources;gamers;write;;;;system;;;;;;;;;;;parts;;;;;;worlds;;;;;rt;;police;;;;;rt;khosa;;;season;;threats;maraude;help;;;rt;;;;;;return;;screen;;non;;;safety;rt;;rt;thread;rt;;farmer;;;;;;;holder;maraude;;superweapon;;;;;;threats;;screen;help;;;rt;;rt;;;rt;;;sec;;workshop
;;systems;;;track;process;;;;;work;;;;;;;;;;;rt;;;;;;;;;;;sale;;residents;;;;;sushant;pakistan;;;;;;media;insights;;;station;;;;;;right;;security;;othr;;;tips;sale;;;;sushant;;rt;;;;;;;im;media;;today;;;;;;;;security;insights;;;station;;;;;;;;usa;;
;;;;;try;rt;;;;;world;;;;;;;;;;;scooby;;;;;;;;;;;shopping;;security;;;;;;rt;;;;;;platform;nature;;;victim;;;;;;spam;;tag;;otp;;;;shopping;;;;;;security;;;;;;;opportunities;platform;;utc;;;;;;;;tag;nature;;;victim;;;;;;;;;;
;;;;;;;;;;;;;;;;;;;;;;zombie;;;;;;;;;;;whos;;tweet;;;;;;saeed;;;;;;prosecution;past;;;;;;;;;terminology;;;;proof;;;;whos;;;;;;way;;;;;;;sale;prosecution;;win;;;;;;;;;past;;;;;;;;;;;;;
;;;;;;;;;;;;;;;;;;;;;;;;;;;;;;;;;worldwide;;;;;;;;twitter;;;;;;regime;rt;;;;;;;;;trolls;;;;share;;;;worldwide;;;;;;;;;;;;;shopping;regime;;;;;;;;;;;rt;;;;;;;;;;;;;
;;;;;;;;;;;;;;;;;;;;;;;;;;;;;;;;;;;;;;;;;;;;;;;regulate;;;;;;;;;;winger;;;;validation;;;;;;;;;;;;;;;;;target;regulate;;;;;;;;;;;;;;;;;;;;;;;;
;;;;;;;;;;;;;;;;;;;;;;;;;;;;;;;;;;;;;;;;;;;;;;;u;;;;;;;;;;wish;;;;;;;;;;;;;;;;;;;;;whos;u;;;;;;;;;;;;;;;;;;;;;;;;
;;;;;;;;;;;;;;;;;;;;;;;;;;;;;;;;;;;;;;;;;;;;;;;wat;;;;;;;;;;;;;;;;;;;;;;;;;;;;;;;worldwide;wat;;;;;;;;;;;;;;;;;;;;;;;;
;;;;;;;;;;;;;;;;;;;;;;;;;;;;;;;;;;;;;;;;;;;;;;;zbc;;;;;;;;;;;;;;;;;;;;;;;;;;;;;;;year;zbc;;;;;;;;;;;;;;;;;;;;;;;;
